<?xml version="1.0" encoding="UTF-8"?>
<project-private xmlns="http://www.netbeans.org/ns/project-private/1">
    <editor-bookmarks xmlns="http://www.netbeans.org/ns/editor-bookmarks/2" lastBookmarkId="0"/>
    <open-files xmlns="http://www.netbeans.org/ns/projectui-open-files/2">
        <group>
            <file>file:/C:/Users/ahoysan1/Desktop/WebApplication1/src/java/resources/msjs_en_US.properties</file>
            <file>file:/C:/Users/ahoysan1/Desktop/WebApplication1/web/client/confirmacion.xhtml</file>
            <file>file:/C:/Users/ahoysan1/Desktop/WebApplication1/web/calculadoras.xhtml</file>
            <file>file:/C:/Users/ahoysan1/Desktop/WebApplication1/web/libros.xhtml</file>
            <file>file:/C:/Users/ahoysan1/Desktop/WebApplication1/src/java/controler/Producto.java</file>
            <file>file:/C:/Users/ahoysan1/Desktop/WebApplication1/src/java/controler/NavigationController.java</file>
            <file>file:/C:/Users/ahoysan1/Desktop/WebApplication1/web/WEB-INF/faces-config.xml</file>
            <file>file:/C:/Users/ahoysan1/Desktop/WebApplication1/src/java/controler/LocaleBean.java</file>
            <file>file:/C:/Users/ahoysan1/Desktop/WebApplication1/web/bolis.xhtml</file>
            <file>file:/C:/Users/ahoysan1/Desktop/WebApplication1/src/java/controler/ItemCarrito.java</file>
            <file>file:/C:/Users/ahoysan1/Desktop/WebApplication1/web/WEB-INF/web.xml</file>
            <file>file:/C:/Users/ahoysan1/Desktop/WebApplication1/web/productos.xhtml</file>
            <file>file:/C:/Users/ahoysan1/Desktop/WebApplication1/web/index.xhtml</file>
            <file>file:/C:/Users/ahoysan1/Desktop/WebApplication1/src/java/resources/msjs.properties</file>
            <file>file:/C:/Users/ahoysan1/Desktop/WebApplication1/src/java/controler/Carrito.java</file>
            <file>file:/C:/Users/ahoysan1/Desktop/WebApplication1/src/java/controler/CarritoBean.java</file>
            <file>file:/C:/Users/ahoysan1/Desktop/WebApplication1/web/libretas.xhtml</file>
            <file>file:/C:/Users/ahoysan1/Desktop/WebApplication1/web/glassfish_forms/error.xhtml</file>
            <file>file:/C:/Users/ahoysan1/Desktop/WebApplication1/web/client/carrito.xhtml</file>
            <file>file:/C:/Users/ahoysan1/Desktop/WebApplication1/web/glassfish_forms/login.xhtml</file>
            <file>file:/C:/Users/ahoysan1/Desktop/WebApplication1/build/web/WEB-INF/web.xml</file>
        </group>
    </open-files>
</project-private>
